{
  "review_stars": 0.02336302095668543,
  "review_text_len": 0.043781144414668224,
  "review_word_count": 0.007028839941399157,
  "review_exclamation_count": -6.040949142036567e-05,
  "review_question_count": -0.00010805565962783703,
  "review_uppercase_ratio": 0.00021829706367044733,
  "review_date_year": 0.01832241543973314,
  "review_date_month": 0.0013794754685720445,
  "review_date_dayofweek": 7.688587872665132e-05,
  "biz_stars": 0.0015702367906900605,
  "biz_review_count": 0.013140086191959232,
  "biz_is_open": 0.0004941830280841053,
  "biz_checkin_count": 0.01937813420154555,
  "biz_category_count": 0.0002958651356957276,
  "user_review_count": 0.13530587492183094,
  "user_avg_stars": 0.007763330465598228,
  "user_yelping_years": 0.0072670307980448046,
  "user_fans": 0.003926609677693737,
  "user_useful": 0.2992206002518011,
  "user_funny": 0.010293753116614845,
  "user_cool": 0.06073736764391313,
  "user_elite_count": 0.04067141078807044,
  "user_friends_count": 0.001864140888768695
}