{
  "accuracy": {
    "xgboost": 0.5314992266682795,
    "mlp": 0.5400015553040187
  },
  "precision_macro": {
    "xgboost": 0.527491861160737,
    "mlp": 0.5378273297021485
  },
  "recall_macro": {
    "xgboost": 0.5314987815418991,
    "mlp": 0.5400011519542767
  },
  "f1_macro": {
    "xgboost": 0.5282454938225403,
    "mlp": 0.5383635256315761
  },
  "f1_weighted": {
    "xgboost": 0.528245857070339,
    "mlp": 0.5383638801342722
  },
  "roc_auc_ovr_macro": {
    "xgboost": 0.80052565897447,
    "mlp": 0.8066813545400939
  }
}