{
  "val": {
    "split": "val",
    "accuracy": 0.5252,
    "precision_macro": 0.517996865085868,
    "recall_macro": 0.5252,
    "f1_macro": 0.519874586125392,
    "precision_weighted": 0.517996865085868,
    "recall_weighted": 0.5252,
    "f1_weighted": 0.519874586125392,
    "roc_auc_ovr_macro": 0.7944393172148149
  },
  "test": {
    "split": "test",
    "accuracy": 0.5283733333333334,
    "precision_macro": 0.5208564322708257,
    "recall_macro": 0.5283733333333334,
    "f1_macro": 0.5230181359652294,
    "precision_weighted": 0.5208564322708256,
    "recall_weighted": 0.5283733333333334,
    "f1_weighted": 0.5230181359652293,
    "roc_auc_ovr_macro": 0.7974522759111111
  }
}