{
  "review_stars": 0.0034442252945154905,
  "review_text_len": 0.0052696275524795055,
  "review_word_count": 0.0036197532899677753,
  "review_exclamation_count": 9.122164192376658e-05,
  "review_question_count": 0.00016616724315099418,
  "review_uppercase_ratio": 0.000146578109706752,
  "review_date_year": 0.001240827259607613,
  "review_date_month": 0.00021525764896068722,
  "review_date_dayofweek": 0.00010140705126104876,
  "biz_stars": 0.000587816524785012,
  "biz_review_count": 0.000683738267980516,
  "biz_is_open": 0.000832426710985601,
  "biz_checkin_count": 0.0015203326474875212,
  "biz_category_count": 0.0001918872440000996,
  "user_review_count": 0.0016186139546334743,
  "user_avg_stars": 0.00041288312058895826,
  "user_yelping_years": 0.00023831380531191826,
  "user_fans": 0.0011055103968828917,
  "user_useful": 0.00593618443235755,
  "user_funny": 0.0032032642047852278,
  "user_cool": 0.005180822219699621,
  "user_elite_count": 0.000381635531084612,
  "user_friends_count": 0.0004375190183054656
}